item_code,name,service_type,unit,credits,history_rows,agree,in_items,active
ITM-0022,ผ้าเช็ดตัว,WSIR,piece,1.0,312,100%,True,FALSE
ITM-0023,ผ้าเช็ดผม,WSIR,piece,0.5,113,100%,True,FALSE
ITM-0035,รองเท้าผ้าใบ,WSIR,piece,0.0,27,100%,True,FALSE
ITM-0047,เสื้อยืดแขนสั้น,WSIR,piece,1.0,2074,100%,True,TRUE
ITM-0048,เสื้อยืดแขนยาว,WSIR,piece,1.0,384,100%,True,TRUE
ITM-0049,เสื้อเชิ้ตแขนสั้น,WSIR,piece,1.0,1384,100%,True,TRUE
ITM-0050,เสื้อเชิ้ตแขนยาว,WSIR,piece,1.0,1724,100%,True,TRUE
ITM-0053,เสื้อสตรีแขนสั้น,WSIR,piece,1.0,526,100%,True,TRUE
ITM-0054,เสื้อสตรีแขนยาว,WSIR,piece,1.0,542,100%,True,TRUE
ITM-0076,ชุดคลุมอาบน้ำ,WSIR,piece,2.0,123,100%,True,FALSE
ITM-0077,เสื้อใน,WSIR,piece,0.5,17,100%,True,FALSE
ITM-0078,กางเกงใน,WSIR,piece,0.0,19,100%,True,FALSE
ITM-0081,เดรส,WSIR,piece,2.0,722,100%,True,TRUE
ITM-0082,จั้มสูท,WSIR,piece,2.0,26,100%,True,FALSE
ITM-0047,เสื้อยืดแขนสั้น,IRON,piece,1.0,155,100%,True,TRUE
ITM-0048,เสื้อยืดแขนยาว,IRON,piece,1.0,31,100%,True,TRUE
ITM-0049,เสื้อเชิ้ตแขนสั้น,IRON,piece,1.0,132,100%,True,TRUE
ITM-0050,เสื้อเชิ้ตแขนยาว,IRON,piece,1.0,136,100%,True,TRUE
ITM-0053,เสื้อสตรีแขนสั้น,IRON,piece,1.0,57,100%,True,TRUE
ITM-0054,เสื้อสตรีแขนยาว,IRON,piece,1.0,98,100%,True,TRUE
ITM-0081,เดรส,IRON,piece,2.0,47,100%,True,TRUE
ITM-0090,เสื้อโปโล,WSIR,piece,1.0,1134,100%,True,TRUE
ITM-0090,เสื้อโปโล,IRON,piece,1.0,72,100%,True,TRUE
ITM-0091,กางเกงขายาว,WSIR,piece,1.0,2921,100%,True,TRUE
ITM-0091,กางเกงขายาว,IRON,piece,1.0,197,100%,True,TRUE
ITM-0092,กางเกงขาสั้น,WSIR,piece,1.0,1228,100%,True,TRUE
ITM-0092,กางเกงขาสั้น,IRON,piece,1.0,40,100%,True,TRUE
ITM-0094,เสื้อซับใน,WSIR,piece,1.0,358,100%,True,TRUE
ITM-0095,เสื้อสูท,WSIR,piece,0.0,177,100%,True,TRUE
ITM-0095,เสื้อสูท,IRON,piece,0.0,14,100%,True,TRUE
ITM-0096,คาร์ดิแกน,WSIR,piece,0.0,125,100%,True,TRUE
ITM-0096,คาร์ดิแกน,IRON,piece,0.0,3,100%,True,TRUE
ITM-0094,เสื้อซับใน,IRON,piece,1.0,1,100%,True,TRUE
